FirstName,LastName,Email,dob,ssn,address,city,State,ZipCode,seq
Cathy,Thoreau,Cathy.Thoreau@gmail.com,1931-11-29,586-98-5926,231 Spencer street,Los angeles,CA,90028,720772
Dev,Gorman,Dev.Gorman@gmail.com,1918-08-26,259-66-1672,97 Combermere street,Sierra blanca,TX,79851,455850
Domininc,Kidman,Domininc.Kidman@gmail.com,1918-06-16,771-88-7915,815 Ranelagh drive,Bluebell,UT,84007,460266
Peter,Levesque,Peter.Levesque@gmail.com,1903-02-08,235-30-5782,795 Brooks alley,Carrollton,MS,38917,76943
Ashley,Antonio Marcos Felicio,Ashley.Antonio Marcos Felicio@gmail.com,1912-01-11,023-86-5668,666 Vicarage Road,Little rock,AR,72219,929474
Mukesh,Juliano Blanco,Mukesh.Juliano Blanco@gmail.com,1917-01-02,469-12-6843,798 Deane street,Columbia,SC,29260,793557
Carol,Carrol,Carol.Carrol@gmail.com,1968-01-29,038-34-1319,627 Sparling street,Atlanta,NE,68923,421249
Rodney,Super,Rodney.Super@gmail.com,1976-04-04,486-96-8340,712 Copperfield,Aitkin,MN,56431,882370
Fay,Humphries,Fay.Humphries@gmail.com,1976-12-31,086-32-3831,345 Pusey Street,West liberty,OH,43357,89205
Arnold,Clark,Arnold.Clark@gmail.com,1959-05-19,456-86-5329,634 Minster street,Vero beach,FL,32969,58319
Evelyn,Noda,Evelyn.Noda@gmail.com,1958-10-31,517-46-5153,963 Alma road,Medon,TN,38356,823845
Heribert,Tucker_ko,Heribert.Tucker_ko@gmail.com,1979-03-19,447-12-6356,490 Shakespeare streets,Maysville,OK,73057,433292
Christina,Goldberg,Christina.Goldberg@gmail.com,1916-03-14,574-52-9995,162 Shakespeare,Houston,TX,77272,446327
Pat,Garrison,Pat.Garrison@gmail.com,1915-12-23,759-12-5334,837 Hendred Street,Washington,DC,20441,267483
Charles,Reilly,Charles.Reilly@gmail.com,1964-02-22,439-29-9408,25 Greenhill road i,Houston,TX,77038,695312
